[
  {
    "id": "edc7bf7d-5c4d-414d-801c-7512622175e9",
    "data": [
      {
        "text": "Refund time",
        "userDefined": false
      }
    ],
    "isTemplate": false,
    "count": 0,
    "lang": "en",
    "updated": 0
  },
  {
    "id": "84ad09ce-e76f-4829-a57b-686d5dc37004",
    "data": [
      {
        "text": "Refund status",
        "userDefined": false
      }
    ],
    "isTemplate": false,
    "count": 0,
    "lang": "en",
    "updated": 0
  },
  {
    "id": "ddddb516-ddab-4152-8e87-41b08918136f",
    "data": [
      {
        "text": "I want a refund",
        "userDefined": false
      }
    ],
    "isTemplate": false,
    "count": 0,
    "lang": "en",
    "updated": 0
  }
]