[
  {
    "id": "66b7aa76-dadb-40ac-85a6-135094e7d92c",
    "data": [
      {
        "text": " Order status please",
        "userDefined": false
      }
    ],
    "isTemplate": false,
    "count": 0,
    "lang": "en",
    "updated": 0
  },
  {
    "id": "4b667795-501d-4501-98f6-5fe892363dc4",
    "data": [
      {
        "text": "Track order",
        "userDefined": false
      }
    ],
    "isTemplate": false,
    "count": 0,
    "lang": "en",
    "updated": 0
  },
  {
    "id": "12e584ef-179f-4860-bab1-d2c537219ab6",
    "data": [
      {
        "text": "i need help with my order",
        "userDefined": false
      }
    ],
    "isTemplate": false,
    "count": 0,
    "lang": "en",
    "updated": 0
  },
  {
    "id": "dbcd0716-6bd0-4914-b313-d44653474510",
    "data": [
      {
        "text": "Where is my order? Order status please",
        "userDefined": false
      }
    ],
    "isTemplate": false,
    "count": 0,
    "lang": "en",
    "updated": 0
  }
]